A	T	C	G
0.223	0.333	0.263	0.18
0.226	0.371	0.258	0.145
0.194	0.331	0.312	0.164
0.169	0.341	0.306	0.183
0.223	0.363	0.255	0.159
0.191	0.349	0.29	0.169
0.18	0.384	0.274	0.161
0.183	0.349	0.323	0.145
0.169	0.387	0.277	0.167
0.172	0.395	0.298	0.134
0.137	0.39	0.317	0.156
0.172	0.387	0.28	0.161
0.185	0.36	0.304	0.151
0.175	0.395	0.266	0.164
0.18	0.387	0.296	0.137
0.191	0.358	0.301	0.151
0.164	0.368	0.317	0.151
0.191	0.382	0.28	0.148
0.258	0.288	0.301	0.153
0.207	0.282	0.36	0.151
0.452	0.185	0.212	0.151
0.159	0.269	0.277	0.296
